{
  "voxel_size": [0.2, 0.2, 0.2],
  "lookup": {
    "0": {
      "name": "air",
      "density": 0.0012,
      "mu": 0.0,
      "composition": {
        "N": 0.755,
        "O": 0.231,
        "Ar": 0.013,
        "C": 0.001
      }
    },
    "1": {
      "name": "gyrus corticali",
      "density": 1.03,
      "mu": 0.19,
      "composition": {
        "O": 0.745,
        "C": 0.143,
        "H": 0.105,
        "N": 0.021,
        "P": 0.003,
        "S": 0.002,
        "Na": 0.0015,
        "K": 0.0015,
        "Cl": 0.002,
        "Ca": 0.00005,
        "Mg": 0.00005
      }
    },
    "2": {
      "name": "ippocampo + amigdala",
      "density": 1.04,
      "mu": 0.20,
      "composition": {
        "O": 0.740,
        "C": 0.145,
        "H": 0.104,
        "N": 0.022,
        "P": 0.003,
        "S": 0.002,
        "Na": 0.0015,
        "K": 0.0015,
        "Cl": 0.002,
        "Fe": 0.0005,
        "Ca": 0.00005,
        "Mg": 0.00005
      }
    },
    "3": {
      "name": "insula",
      "density": 1.045,
      "mu": 0.21,
      "composition": {
        "O": 0.745,
        "C": 0.143,
        "H": 0.105,
        "N": 0.021,
        "P": 0.003,
        "S": 0.002,
        "Na": 0.0015,
        "K": 0.0015,
        "Cl": 0.002,
        "Ca": 0.00005,
        "Mg": 0.00005
      }
    },
    "4": {
      "name": "globo pallidus + putamen",
      "density": 1.05,
      "mu": 0.23,
      "composition": {
        "O": 0.740,
        "C": 0.142,
        "H": 0.103,
        "N": 0.020,
        "Fe": 0.001,
        "P": 0.003,
        "S": 0.002,
        "Na": 0.0015,
        "K": 0.0015,
        "Cl": 0.002,
        "Ca": 0.00005,
        "Mg": 0.00005
      }
    },
    "5": {
      "name": "altro",
      "density": 1.06,
      "mu": 0.25,
      "composition": {
        "O": 0.750,
        "C": 0.140,
        "H": 0.100,
        "N": 0.020,
        "P": 0.003,
        "S": 0.002,
        "Na": 0.002,
        "K": 0.001,
        "Cl": 0.002,
        "Ca": 0.0001,
        "Mg": 0.0001,
        "Fe": 0.0005
      }
    }
  }
}
